ISBN-13;Titre;Langue de l'ouvrage;Nom complet de(s)Auteur(s);Date de parution;Résumé;Genre littéraire
978-2-253-12888-9;La Vie devant soi;Français;Romain Gary;1975-09-14;"Dans le quartier de Belleville, le jeune Momo, un garçon arabe, raconte sa vie chez Madame Rosa, une ancienne prostituée juive rescapée d'Auschwitz, qui s'occupe des enfants des 'filles'.
Une histoire d'amour filial poignante sur fond de misère sociale.";Roman social
978-2-266-31841-3;Pandemia;Français;Franck Thilliez;2015-10-21;"Une épidémie de grippe virulente se propage en France.
Sharko et Henebelle découvrent que le virus a été génétiquement modifié par un groupe de terroristes.
Ils doivent remonter la piste de cette organisation avant que la pandémie ne devienne incontrôlable.";Thriller
978-2-84563-719-1;Central Park;Français;Guillaume Musso;2014-03-27;"Alice, une policière parisienne, et Gabriel, un pianiste de jazz américain, se réveillent menottés l'un à l'autre sur un banc de Central Park.
Ils ne se connaissent pas et n'ont aucun souvenir de leur rencontre.
Ils vont devoir faire équipe pour comprendre.";Thriller
978-2-7096-4113-3;Sur les épaules des géants;Français;Françoise Héritier;2012-09-12;"Dans cet abécédaire personnel, l'anthropologue Françoise Héritier partage ses réflexions sur des thèmes universels comme l'amour, le corps, la violence, la mort.
Un livre qui mêle souvenirs personnels et savoir anthropologique.";Essai
978-2-07-040854-4;La Peste écarlate;Français;Jack London;1912-01-01;"En 2073, un vieil homme raconte à ses petits-enfants comment, soixante ans plus tôt, une terrible épidémie, la 'Peste Écarlate', a anéanti la civilisation en quelques jours.
Un des premiers romans post-apocalyptiques.";Science-Fiction
978-2-330-10141-4;Idiss;Français;Robert Badinter;2018-01-31;"Robert Badinter rend hommage à sa grand-mère maternelle, Idiss, une juive de Bessarabie émigrée en France au début du XXe siècle.
Un récit intime qui retrace le parcours d'une immigrée et la vie de la communauté juive à Paris avant la Shoah.";Récit familial
978-2-226-44020-5;L'inconnue de la Seine;Français;Guillaume Musso;2021-09-21;"Une jeune femme est repêchée dans la Seine, amnésique mais vivante.
Les tests ADN révèlent qu'il s'agit d'une célèbre pianiste morte dans un crash d'avion un an plus tôt.
La capitaine de police Roxane enquête sur ce mystère impossible.";Thriller
978-2-266-24850-5;Le Livre des Baltimore;Français;Joël Dicker;2015-09-30;"Marcus Goldman, héros de 'La Vérité sur l'Affaire Harry Quebert', enquête cette fois sur le passé de sa propre famille et sur le Drame qui a frappé les 'Goldman-de-Baltimore', la branche riche et admirée de sa famille.";Saga familiale
978-2-226-45229-1;Rien ne t'efface;Français;Michel Bussi;2021-02-03;"Dix ans après la mort accidentelle de son fils sur une plage, Maddi revient sur les lieux.
Elle y voit un enfant qui est le portrait craché de son fils disparu.
Persuadée qu'il s'agit de lui, elle s'immisce dans la vie de cette famille.";Thriller psychologique
978-2-07-040212-2;Le Rivage des Syrtes;Français;Julien Gracq;1951-01-01;"Dans la seigneurie d'Orsenna, un jeune homme est envoyé en observation sur une forteresse face au Farghestan, un ennemi avec lequel une guerre est latente depuis des siècles.
Fasciné par ce territoire, il va réveiller le conflit endormi.";Roman poétique
978-2-266-28102-1;Misery;Français;Stephen King;1989-02-01;"Paul Sheldon, un écrivain à succès, est victime d'un accident de voiture.
Il est secouru par Annie Wilkes, son 'admiratrice numéro un'.
Mais lorsqu'elle découvre qu'il a tué son personnage fétiche, elle le séquestre et le force à la ressusciter.";Thriller psychologique
978-2-7578-6554-4;Le sympathisant;Français;Viet Thanh Nguyen;2017-02-08;"Le narrateur, un capitaine de l'armée sud-vietnamienne, est en réalité un espion communiste.
Après la chute de Saïgon en 1975, il suit son général en exil aux États-Unis et continue de transmettre des informations à ses supérieurs.
Un roman sur la dualité et la guerre du Vietnam.";Roman d'espionnage
978-2-226-46648-9;L'Affaire Alaska Sanders;Français;Joël Dicker;2022-03-09;"Onze ans après avoir élucidé un meurtre, le sergent Perry Gahalowood reçoit une lettre anonyme qui le met sur la piste d'une erreur judiciaire.
Avec l'aide de l'écrivain Marcus Goldman, il rouvre l'enquête sur le meurtre d'Alaska Sanders.";Thriller
978-2-330-15674-2;La Décision;Français;Karine Tuil;2022-01-05;"Alma, une juge d'instruction antiterroriste, doit statuer sur le sort d'un jeune homme soupçonné d'avoir rejoint l'État islamique en Syrie.
Le roman explore les dilemmes moraux et les pressions auxquels sont confrontés les juges.";Roman judiciaire
978-2-07-041422-4;Élévation;Français;Stephen King;2019-02-06;"Scott Carey, un habitant de la petite ville de Castle Rock, perd du poids chaque jour sans pour autant maigrir.
Confronté à ce phénomène inexplicable et à sa fin inéluctable, il décide d'utiliser le temps qu'il lui reste pour apaiser les tensions dans sa communauté.";Fantastique
978-2-266-15799-5;La Nuit de l'oracle;Français;Paul Auster;2004-09-02;"Un écrivain, Sidney Orr, achète un carnet bleu qui semble avoir des pouvoirs étranges.
Ce qu'il y écrit commence à se produire dans la réalité, brouillant les frontières entre la fiction et sa propre vie.";Roman
978-2-7491-4424-9;Imparfaits, libres et heureux : Pratiques de l'estime de soi;Français;Christophe André;2006-02-01;"Le psychiatre Christophe André propose des outils et des exercices pratiques pour développer une estime de soi saine et réaliste.
Un guide pour mieux s'accepter, s'affirmer et vivre en harmonie avec soi-même et les autres.";Psychologie
978-2-7578-8125-1;Réinventer l'amour;Français;Mona Chollet;2021-09-08;"Essai qui déconstruit les stéréotypes de genre dans les relations amoureuses.
Mona Chollet analyse comment le patriarcat influence nos conceptions de l'amour, du couple et du désir, et propose des pistes pour des relations plus égalitaires.";Essai féministe
978-2-253-06794-2;Le Prophète;Français;Khalil Gibran;1923-01-01;"Avant de quitter la ville d'Orphalèse, le sage Almustafa répond aux questions des habitants sur les grands thèmes de la vie : l'amour, le mariage, le travail, la joie, la tristesse...
Un recueil de poèmes en prose sur la spiritualité.";Poésie philosophique
978-2-266-26791-9;Le premier miracle;Français;Gilles Legardinier;2016-10-03;"Un historien britannique et une enquêtrice des services secrets français font équipe pour percer les secrets d'un site archéologique mystérieux lié aux Templiers.
Une course contre la montre pour empêcher une découverte de tomber entre de mauvaises mains.";Aventure
978-2-266-18194-9;Windows on the World;Français;Frédéric Beigbeder;2003-08-20;"Le roman raconte la dernière heure et demie de la vie d'un homme et de ses deux fils, au restaurant 'Windows on the World' au sommet de la tour Nord du World Trade Center, le 11 septembre 2001.";Roman
978-2-02-142288-8;Congo;Français;Éric Vuillard;2012-08-23;"Récit de la Conférence de Berlin de 1885 qui a acté le partage de l'Afrique par les puissances coloniales.
Une fresque historique qui dénonce la violence et la cupidité de la colonisation au Congo.";Récit historique
978-2-266-31842-0;Labyrinthes;Français;Franck Thilliez;2022-05-04;"Une femme est retrouvée amnésique près d'un cadavre, un scalpel à la main.
Pour l'innocenter, une psychiatre, un policier et une ravisseuse doivent assembler les pièces d'un puzzle machiavélique.
Un thriller construit comme un jeu de miroirs.";Thriller
978-2-266-16788-2;Le Livre du voyage;Français;Bernard Werber;1997-10-01;"Un guide pratique et philosophique pour explorer son propre esprit à travers des techniques de méditation et de visualisation.
Le livre propose un voyage intérieur pour mieux se connaître et découvrir ses potentiels cachés.";Spiritualité
978-2-7096-4554-4;L'amie prodigieuse, Tome 3 : Celle qui fuit et celle qui reste;Français;Elena Ferrante;2016-01-20;"Elena, devenue une écrivaine reconnue, et Lila, qui travaille dans une usine dans des conditions difficiles, continuent leurs trajectoires opposées dans l'Italie des années 70, marquée par les luttes sociales et le terrorisme.";Roman d'apprentissage
978-2-7499-4470-8;Loin;Français;Alexis Michalik;2019-10-24;"Antoine, un jeune homme, découvre un carnet ayant appartenu à son père, mort avant sa naissance.
Il décide de suivre ses traces dans un voyage initiatique à travers l'Europe, qui le mènera à découvrir des secrets de famille.";Roman d'aventure
978-2-7499-3596-6;Le cas Victor Windsor;Français;Aurélie Valognes;2020-03-05;"Victor Windsor, un riche industriel, engage une aide-soignante pour s'occuper de lui après un accident.
Entre l'homme acariâtre et la jeune femme pétillante, une relation inattendue se noue, faite de confidences et de défis.";Feel-good
978-2-266-21844-7;La dernière valse de Mathilda;Français;Tamara McKinley;2007-04-12;"À la mort de sa grand-mère Mathilda, Jenny hérite de son journal intime.
Elle y découvre la vie tumultueuse de son aïeule dans l'Australie du début du XXe siècle, une histoire faite de passions, de secrets et de tragédies.";Saga familiale
978-2-266-28106-9;Shining, l'enfant lumière;Français;Stephen King;1979-01-01;"Jack Torrance, un écrivain alcoolique en quête d'inspiration, accepte un poste de gardien d'hiver dans un hôtel isolé dans les montagnes.
Il s'y installe avec sa femme et son fils Danny, qui possède un don de médium.
L'hôtel, hanté, va peu à peu le pousser à la folie.";Horreur
978-2-7578-7975-6;Leurs enfants après eux;Français;Nicolas Mathieu;2018-08-22;"Été 1992. Dans une vallée perdue de l'Est de la France, Anthony, 14 ans, et son cousin s'ennuient.
Un soir, ils volent un canoë pour rejoindre une plage.
C'est le début d'un été qui marquera le passage de l'adolescence à l'âge adulte.";Roman social
978-2-253-90676-0;Tout le bleu du ciel;Français;Mélissa Da Costa;2019-02-21;"Émile, 26 ans, est atteint d'un Alzheimer précoce.
Il décide de fuir pour un dernier voyage.
Il passe une petite annonce et Joanne, une jeune femme énigmatique, accepte de l'accompagner dans son camping-car.";Roman contemporain
978-2-07-040007-4;L'Écume des jours;Français;Boris Vian;1947-03-20;"Dans un Paris surréaliste et poétique, Colin et Chloé vivent un amour parfait.
Mais Chloé tombe malade : un nénuphar pousse dans son poumon.
Pour la soigner, Colin doit l'entourer de fleurs, ce qui le mènera à la ruine et au désespoir.";Roman surréaliste
978-2-7578-9442-8;Les Aérostats;Français;Amélie Nothomb;2020-08-19;"Ange, une étudiante en philologie, est engagée pour donner des cours de littérature à un adolescent dyslexique et reclus.
Une relation intense se noue entre eux, autour du pouvoir des livres et de la lecture comme moyen d'évasion.";Roman
978-2-266-26790-2;Le Gang des rêves;Français;Luca Di Fulvio;2016-09-01;"Au début du XXe siècle, une jeune Italienne et son fils, Cetta et Christmas, débarquent à New York.
Ils luttent pour survivre dans les bas-fonds de la ville, entre la pauvreté, la violence des gangs et le rêve d'une vie meilleure.";Saga historique
978-2-266-19196-2;Le Père de nos pères;Français;Bernard Werber;1998-10-28;"Deux journalistes, une femme et un homme, enquêtent sur un meurtre étrange lié à la paléontologie.
Leur enquête les met sur la piste du 'chaînon manquant', l'ancêtre commun à l'homme et au singe, et d'un secret qui pourrait changer la face de l'humanité.";Thriller scientifique
978-2-266-28842-6;Un(e)secte;Français;Maxime Chattam;2019-10-30;"La section de recherche de Paris est confrontée à une série de meurtres d'une cruauté sans nom, où les victimes sont mises en scène de manière macabre.
L'enquête plonge Ludivine Vancker dans les arcanes d'une secte aux rituels terrifiants.";Thriller
978-2-253-06822-2;La Vie mode d'emploi;Français;Georges Perec;1978-01-01;"Le roman décrit la vie des habitants d'un immeuble parisien à un instant précis, comme une coupe transversale.
Une mosaïque de récits qui s'emboîtent les uns dans les autres, suivant les contraintes de l'Oulipo.
Un chef-d'œuvre de la littérature du XXe siècle.";Roman expérimental
978-2-07-040183-5;La Métaphysique des tubes;Français;Amélie Nothomb;2000-08-23;"Récit autobiographique des trois premières années de la vie de l'autrice au Japon.
Elle y raconte sa petite enfance, de son état végétatif initial (le 'tube') à sa découverte du langage et du monde, en passant par sa divinisation par ses domestiques japonais.";Roman autobiographique
978-2-02-123708-8;Continuer;Français;Laurent Mauvignier;2016-09-01;"Sybille entraîne son fils adolescent, Samuel, qui est en pleine dérive, dans un long voyage à cheval à travers les montagnes du Kirghizistan.
Une tentative désespérée de renouer le lien et de le sauver de la violence.";Roman d'aventure
978-2-7427-5141-9;Le Soleil des Scorta;Français;Laurent Gaudé;2004-08-25;"Dans un village des Pouilles, en Italie du Sud, la lignée des Scorta vit sous le poids d'une faute originelle.
De génération en génération, ils luttent contre la misère et l'opprobre, unis par un secret et un soleil écrasant.
Une saga familiale sur l'honneur et la transmission.";Saga familiale
978-2-07-077029-8;La Possibilité du bonheur;Français;Pascal Bruckner;2002-09-04;"Essai philosophique qui déconstruit l'injonction contemporaine au bonheur.
Bruckner analyse comment le devoir d'être heureux est devenu une nouvelle forme de tyrannie, créant culpabilité et anxiété face à l'échec.";Essai philosophique
978-2-226-15546-1;Le Pas de l'assassin;Français;Henning Mankell;2004-03-03;"L'inspecteur Kurt Wallander enquête sur une série de meurtres où les victimes semblent n'avoir aucun lien entre elles.
Il doit plonger dans le passé pour comprendre les motivations d'un tueur patient et méthodique.";Polar
978-2-266-24960-1;Le Cœur des hommes;Français;Nickolas Butler;2014-08-21;"L'histoire d'une amitié indéfectible entre quatre hommes, de l'adolescence à l'âge adulte, dans une petite ville du Wisconsin.
Leurs vies, leurs amours et leurs drames se tissent au fil des saisons.";Roman contemporain
978-2-266-26789-6;Le temps est assassin;Français;Michel Bussi;2016-05-04;"Vingt-cinq ans après un accident de voiture qui a coûté la vie à ses parents et son frère en Corse, Clotilde revient sur les lieux.
Elle reçoit une lettre qui semble avoir été écrite par sa mère.
Est-elle vivante ? Clotilde enquête sur les secrets de son passé.";Thriller
978-2-266-21843-0;La consolante;Français;Anna Gavalda;2008-03-12;"Charles Balanda, un architecte à succès, apprend la mort de la mère de son meilleur ami d'enfance, une femme qu'il adorait.
Ce deuil le replonge dans son passé et le pousse à tout remettre en question.";Roman contemporain
978-2-266-18752-1;La Promesse de l'aube;Français;Romain Gary;1960-04-30;"Récit autobiographique où Romain Gary raconte son enfance en Pologne, son adolescence à Nice et ses exploits d'aviateur.
C'est surtout un hymne à l'amour fou et aux ambitions démesurées de sa mère, Mina.";Récit autobiographique
978-2-266-26307-2;1Q84 : Livre 1;Français;Haruki Murakami;2011-08-18;"En 1984, à Tokyo, une jeune femme, Aomamé, et un professeur de mathématiques, Tengo, basculent sans s'en rendre compte dans un monde parallèle, '1Q84'.
Leurs destins, liés depuis l'enfance, convergent dans cet univers étrange où deux lunes brillent dans le ciel.";Réalisme magique
978-2-266-27711-6;La vérité sur la lumière;Français;Jean-Claude Mourlevat;2016-10-12;"Quatre jeunes échappés d'un pensionnat autoritaire sont traqués par des hommes en noir.
Ils sont rejoints par un chauffeur de camion et une jeune fille aveugle.
Une course-poursuite haletante à travers la France.";Thriller
978-2-07-076145-6;Les Cercles de l'épouvante;Français;Fred Vargas;1996-05-23;"Le commissaire Adamsberg enquête sur des cercles de craie bleue qui apparaissent sur les trottoirs de Paris, entourant des objets hétéroclites.
Le jeu devient macabre lorsqu'un cadavre est retrouvé au centre de l'un d'eux.";Policier
978-2-226-43884-4;Leurs corps ne mentent jamais;Français;Joe Sacco;2010-11-03;"Reportage en bande dessinée sur le conflit israélo-palestinien.
Joe Sacco se rend à Gaza et recueille les témoignages des habitants sur leur quotidien, l'occupation et les violences.
Un travail de journalisme immersif et poignant.";Roman graphique
978-2-02-133314-8;Entre deux mondes;Français;Olivier Norek;2017-04-06;"Le capitaine Coste est muté dans un commissariat de Seine-Saint-Denis.
Il se retrouve confronté à la misère sociale de la 'Jungle' de Calais, où des migrants tentent de survivre.
Un polar social ultra-réaliste.";Polar social
978-2-7427-4638-5;Eldorado;Français;Laurent Gaudé;2006-08-24;"Le commandant Piracci intercepte les bateaux de clandestins au large de la Sicile.
Un jour, une femme qu'il a sauvée lui demande de l'aider à retrouver son fils.
En parallèle, deux frères quittent le Soudan pour tenter la traversée.
Deux destins face au drame de l'immigration.";Roman social
978-2-226-17142-3;Le Sari rouge;Français;Javier Moro;2010-02-24;"La biographie romancée de Sonia Gandhi, une jeune Italienne qui épouse l'héritier de la dynastie Nehru-Gandhi.
Après l'assassinat de son mari, elle se retrouve propulsée malgré elle au cœur du pouvoir en Inde.";Biographie romancée
978-2-253-15714-8;L'Adversaire;Français;Emmanuel Carrère;2000-01-05;"Le récit de l'affaire Jean-Claude Romand, qui a assassiné sa femme, ses enfants et ses parents après leur avoir menti pendant 18 ans, en se faisant passer pour un médecin de l'OMS.
Une enquête sur le mensonge, l'identité et la folie.";Non-fiction
978-2-226-44019-9;Le soleil et ses fleurs;Français;Rupi Kaur;2019-01-30;"Recueil de poèmes et d'illustrations qui explore les thèmes de la perte, du deuil, de l'amour, de la guérison et de la féminité.
Un voyage poétique sur la croissance et la renaissance, à l'image d'une fleur.";Poésie
978-2-07-041432-3;Cosmétique de l'ennemi;Français;Amélie Nothomb;2001-08-22;"Bloqué dans un aéroport, un homme d'affaires est accosté par un inconnu qui s'impose à lui et lui raconte les détails les plus sordides de sa vie, jusqu'à une révélation finale terrifiante.
Un huis clos psychologique oppressant.";Roman
978-2-7578-1880-9;Une prière pour Owen;Français;John Irving;1990-03-22;"L'histoire de l'amitié entre le narrateur et Owen Meany, un garçon à la voix étrange et à la foi inébranlable, persuadé d'être un instrument de Dieu.
Une fresque de l'Amérique des années 50 et 60, entre comédie et tragédie.";Roman
978-2-266-28951-5;Tant que le café est encore chaud;Français;Toshikazu Kawaguchi;2021-06-02;"Dans un petit café de Tokyo, il est possible de voyager dans le temps.
Mais il y a des règles strictes : on ne peut pas changer le présent et il faut revenir avant que le café ne soit froid.
Quatre histoires de personnages qui tentent de revisiter un moment de leur passé.";Roman fantastique
978-2-253-15715-5;Un long dimanche de fiançailles;Français;Sébastien Japrisot;1991-01-16;"Après la Première Guerre mondiale, Mathilde refuse de croire à la mort de son fiancé, Manech, condamné à mort avec quatre autres soldats.
Elle mène une enquête obstinée pour découvrir la vérité sur ce qui s'est passé dans les tranchées.";Roman historique
978-2-07-036034-5;Le hussard sur le toit;Français;Jean Giono;1951-01-01;"En 1832, en Provence, le jeune colonel de hussards Angelo Pardi fuit les agents autrichiens.
Son chemin croise celui d'une épidémie de choléra qui dévaste la région.
Pour y échapper, il se réfugie sur les toits.
Une aventure chevaleresque et un hymne au courage.";Roman d'aventure
978-2-266-27710-9;Le Manuscrit inachevé;Français;Franck Thilliez;2018-05-03;"Léane, la fille d'un célèbre auteur de thrillers, disparaît.
Son père abandonne l'écriture.
Des années plus tard, on retrouve une de ses scènes de crime, mais la victime est bien réelle.
Un roman dans le roman, où la fiction et la réalité se mêlent dangereusement.";Thriller
978-2-266-18753-8;L'Épée de vérité, Tome 1 : La Première Leçon du sorcier;Français;Terry Goodkind;1998-05-20;"Richard Cypher, un jeune garde forestier, voit sa vie basculer lorsqu'il sauve une femme mystérieuse, Kahlan.
Il découvre qu'il est le 'Sorcier de la Vérité', destiné à combattre le tyran Darken Rahl.
Le début d'une grande saga de fantasy épique.";Fantasy
978-2-266-20072-5;La Nuit des temps;Français;René Barjavel;1968-01-01;"Des scientifiques découvrent dans les glaces de l'Antarctique une sphère contenant les corps cryogénisés d'un homme et d'une femme d'une civilisation vieille de 900 000 ans.
Le réveil de la femme, Eléa, va bouleverser le monde.";Science-Fiction
978-2-266-29106-8;La délicatesse du homard;Français;Laure Manel;2017-06-21;"François, un gardien de phare bourru et solitaire en Bretagne, voit son quotidien perturbé par l'arrivée d'une nouvelle voisine, une artiste parisienne.
Une histoire de reconstruction et d'amour entre deux personnages que tout oppose.";Comédie romantique
978-2-253-15196-2;La Place;Français;Annie Ernaux;1983-01-01;"Récit autobiographique et sociologique dans lequel Annie Ernaux retrace la vie de son père, un ouvrier devenu petit commerçant, pour comprendre la distance sociale et culturelle qui s'est creusée entre eux.
Une analyse de la condition de 'transfuge de classe'.";Autofiction
978-2-07-040716-5;Un secret;Français;Philippe Grimbert;2004-05-05;"Le narrateur, enfant, s'invente un frère aîné, plus fort et plus beau que lui.
À l'adolescence, il découvre le lourd secret de sa famille, marqué par la Shoah.
Un récit poignant sur la mémoire, la culpabilité et les non-dits familiaux.";Récit autobiographique
978-2-266-29758-9;Miroir de nos peines;Français;Pierre Lemaitre;2020-01-02;"Troisième volet de la trilogie 'Les Enfants du désastre'.
En 1940, à l'aube de la débâcle, Louise, une jeune femme, croise une galerie de personnages qui tentent de survivre au chaos de l'exode et de la guerre.
Une fresque sur l'effondrement d'un pays.";Roman historique
978-2-266-24957-1;Code 93;Français;Olivier Norek;2013-04-18;"Le capitaine Victor Coste et son équipe du SDPJ 93 sont confrontés à une série de meurtres qui semblent suivre un rituel macabre.
Une plongée dans les recoins les plus sombres de la Seine-Saint-Denis.";Polar
978-2-266-25806-1;Territoires;Français;Olivier Norek;2014-04-24;"Dans une cité sensible du 93, un trafic de drogue est démantelé.
Mais la paix est de courte durée.
Un nouveau groupe, plus violent, tente de prendre le contrôle.
Le capitaine Coste doit naviguer entre la loi de la rue et les pressions politiques.";Polar social
978-2-266-27137-4;Surtensions;Français;Olivier Norek;2016-04-28;"Suite à une bavure qui tourne mal, le capitaine Coste est mis à l'écart.
Mais lorsqu'un groupe de braqueurs sème la terreur, il est rappelé pour une mission suicide : infiltrer le gang.";Polar
978-2-7096-5634-2;La cage dorée;Français;Camilla Läckberg;2019-04-10;"Faye, femme au foyer délaissée par son mari milliardaire, décide de se venger après qu'il l'a humiliée et ruinée.
Elle monte un plan diabolique pour le détruire et reprendre le contrôle de sa vie.
Un thriller de vengeance féministe.";Thriller psychologique
978-2-266-17796-6;La Princesse des glaces;Français;Camilla Läckberg;2003-01-01;"Erica Falck, une autrice, découvre le cadavre d'une amie d'enfance.
Elle s'associe à l'inspecteur Patrik Hedström pour enquêter dans la petite ville de Fjällbacka, où les secrets de famille sont bien gardés.";Polar
978-2-266-20074-9;Sur la route;Français;Jack Kerouac;1959-01-01;"Le récit des voyages effrénés de Sal Paradise et Dean Moriarty à travers les États-Unis dans les années 40.
Un roman emblématique de la Beat Generation, célébrant la liberté, le jazz, l'amitié et la quête de sens.";Roman
978-2-7578-7095-1;La Douleur;Français;Marguerite Duras;1985-01-01;"Recueil de textes autobiographiques sur la période de la Seconde Guerre mondiale.
La partie principale est le journal de l'attente insoutenable du retour de son mari, Robert Antelme, déporté dans les camps.
Un témoignage bouleversant sur l'absence et le deuil.";Récit autobiographique
978-2-266-24961-8;Le problème à trois corps;Français;Cixin Liu;2016-10-05;"Pendant la Révolution culturelle chinoise, une jeune astrophysicienne envoie un message dans l'espace.
Il est capté par une civilisation extraterrestre au bord de l'extinction, les Trisolariens, qui décident d'envahir la Terre.
Le début d'une saga de SF monumentale.";Science-Fiction
978-2-266-29110-5;Un garçon convenable;Français;Vikram Seth;1995-01-01;"Dans l'Inde post-indépendance des années 50, une mère cherche 'un garçon convenable' pour marier sa fille cadette, Lata.
À travers cette quête, le roman dresse une fresque immense de la société indienne, de ses tensions politiques, religieuses et sociales.";Saga familiale
978-2-266-16280-1;L'Œuvre de Dieu, la part du Diable;Français;John Irving;1986-09-01;"L'histoire d'Homer Wells, un orphelin qui grandit sous la tutelle du Dr Larch, un médecin qui pratique des avortements clandestins.
Un roman d'apprentissage sur la filiation, la morale et le droit de choisir.";Roman
978-2-07-040989-3;Les Piliers de la Terre;Français;Ken Follett;1990-09-20;"Au XIIe siècle, en Angleterre, la construction d'une cathédrale devient le point de convergence de destins multiples : un bâtisseur, un prieur, une noble déchue, un artisan...
Une épopée historique sur fond de guerre civile, de complots et de ferveur religieuse.";Roman historique
978-2-266-28107-6;L'Échiquier du mal;Français;Dan Simmons;1991-09-18;"Des individus dotés de pouvoirs psychiques sont traqués par d'autres 'prédateurs' capables de contrôler les esprits.
Un groupe de survivants doit s'unir pour affronter une conspiration mondiale visant à asservir l'humanité.";Thriller fantastique
978-2-226-44479-1;Un monde sans fin;Français;Ken Follett;2008-01-16;"Deux siècles après 'Les Piliers de la Terre', la ville de Kingsbridge est à nouveau le théâtre d'intrigues et de passions, alors qu'elle fait face à la Peste Noire.
La suite de la saga, avec de nouveaux personnages confrontés aux bouleversements du XIVe siècle.";Roman historique
978-2-266-18754-5;Hypérion;Français;Dan Simmons;1991-03-20;"Dans un futur lointain, sept pèlerins se rendent sur la planète Hypérion pour rencontrer le Gritche, une créature mystérieuse et redoutée.
Chacun raconte son histoire, dévoilant les enjeux politiques et religieux qui secouent la galaxie.
Un chef-d'œuvre de la science-fiction.";Science-Fiction
978-2-7578-1896-0;Le Parfum des feuilles de thé;Français;Dinah Jefferies;2015-06-04;"Dans les années 1920, une jeune Anglaise rejoint son mari, propriétaire d'une plantation de thé à Ceylan.
Elle découvre un monde exotique mais aussi les secrets et les mensonges qui entourent sa nouvelle famille.";Roman historique
978-2-266-29757-2;La Jeune Fille à la perle;Français;Tracy Chevalier;2000-09-06;"Le roman imagine l'histoire derrière le célèbre tableau de Vermeer.
Il raconte la vie de Griet, une jeune servante qui devient la muse du peintre dans le Delft du XVIIe siècle, une relation pleine de tensions et de désirs silencieux.";Roman historique
978-2-07-040184-2;Stupeur et tremblements;Français;Amélie Nothomb;1999-08-25;"Récit autobiographique et ironique de l'année passée par la narratrice comme employée dans une grande entreprise japonaise.
Elle y découvre la rigidité hiérarchique, les codes culturels absurdes et l'humiliation au travail.";Roman autobiographique
978-2-266-17386-9;Le Bonheur est au fond du couloir à gauche;Français;Jonas Jonasson;2013-09-18;"Un ancien publicitaire, un pasteur sans paroisse et une réceptionniste s'associent pour créer une entreprise qui venge les gens ordinaires contre les puissants.
Le début d'une aventure rocambolesque et hilarante.";Comédie
978-2-266-29760-2;Le Secret du mari;Français;Liane Moriarty;2014-02-05;"Cecilia découvre une lettre de son mari à n'ouvrir qu'après sa mort.
Il est bien vivant, mais elle ne résiste pas à la tentation.
Le secret qu'elle y découvre va bouleverser sa vie et celle de deux autres femmes.";Drame psychologique
978-2-266-27138-1;Big Little Lies;Français;Liane Moriarty;2017-02-01;"Dans une banlieue chic, un drame a lieu lors de la fête de l'école.
Le roman remonte le temps pour explorer les vies, les secrets et les mensonges de trois mères de famille, dont les destins sont liés par cet événement.";Drame
978-2-266-24956-4;Avant d'aller dormir;Français;S. J. Watson;2011-05-18;"Suite à un accident, Christine est amnésique.
Chaque matin, elle se réveille sans aucun souvenir, aux côtés d'un homme qui prétend être son mari.
Elle décide de tenir un journal secret pour reconstituer son passé, mais découvre que la vérité est peut-être plus terrifiante qu'elle ne l'imagine.";Thriller psychologique
978-2-266-27709-3;Dix petites poupées;Français;B. A. Paris;2016-09-07;"Grace et Jack forment un couple parfait.
Mais derrière la façade, Grace est prisonnière d'un mari manipulateur et violent.
Elle doit trouver un moyen de s'échapper avant qu'il ne soit trop tard.";Thriller psychologique
978-2-7578-6222-2;Neige;Français;Orhan Pamuk;2007-10-18;"Un poète exilé retourne en Turquie et se rend dans la ville de Kars, où une vague de suicides de jeunes filles voilées sème le trouble.
Il se retrouve pris au piège par une tempête de neige et les tensions politiques entre islamistes et laïcs.";Roman politique
978-2-266-12948-4;Le Maître du Haut Château;Français;Philip K. Dick;1962-10-01;"Uchronie se déroulant dans un monde où l'Allemagne nazie et le Japon ont gagné la Seconde Guerre mondiale et se partagent les États-Unis.
Un groupe de personnages découvre un livre interdit qui décrit un monde où les Alliés ont gagné.";Science-Fiction
978-2-266-17388-3;Le vieux qui lisait des romans d'amour;Français;Luis Sepúlveda;1992-03-12;"Dans un village d'Amazonie, Antonio José Bolívar Proaño, un vieil homme qui a appris à lire avec des romans d'amour, est contraint de chasser un ocelot devenu fou après que des chasseurs ont tué ses petits.
Une fable écologique et humaniste.";Roman
978-2-7578-5913-0;Le Labyrinthe des esprits;Français;Carlos Ruiz Zafón;2018-05-16;"Dernier volet de la saga du 'Cimetière des Livres Oubliés'.
L'enquêtrice Alicia Gris est chargée de résoudre la mystérieuse disparition d'un ministre du régime franquiste.
Son enquête la ramène aux secrets de la famille Sempere et au passé sombre de Barcelone.";Thriller littéraire
978-2-266-29109-9;Le Jeu de l'ange;Français;Carlos Ruiz Zafón;2009-04-01;"Dans le Barcelone des années 20, un jeune écrivain, David Martín, accepte une offre d'un mystérieux éditeur : écrire un livre qui fondera une nouvelle religion, en échange d'une fortune.
Mais ce pacte faustien a un prix.";Thriller fantastique
978-2-266-24962-5;Le Prisonnier du ciel;Français;Carlos Ruiz Zafón;2012-10-18;"Daniel Sempere est sur le point de percer le mystère de la mort de sa mère.
Un personnage inquiétant fait son apparition à la librairie, menaçant de révéler un terrible secret enfoui depuis l'époque de la guerre civile.
Troisième tome de la saga.";Thriller littéraire
978-2-226-44480-7;Une colonne de feu;Français;Ken Follett;2017-09-12;"Troisième volet de la saga de Kingsbridge.
Au XVIe siècle, l'Europe est déchirée par les guerres de religion.
Ned Willard, un jeune protestant, devient un espion au service de la reine Élisabeth Ière pour déjouer les complots qui menacent son trône.";Roman historique
978-2-7578-7094-4;La Promesse de l'aube;Français;Romain Gary;1960-04-30;"Récit autobiographique où Romain Gary raconte son enfance, son adolescence et ses exploits d'aviateur, le tout sous l'influence écrasante et l'amour inconditionnel de sa mère, Mina.";Récit autobiographique
978-2-266-27139-8;Dans les bois;Français;Harlan Coben;2007-10-03;"Vingt ans après la disparition de sa sœur et de ses amis dans un camp de vacances, un procureur, Paul Copeland, est confronté à une nouvelle affaire qui pourrait être liée à ce drame.
Il replonge dans son passé pour découvrir une vérité insoupçonnable.";Thriller
978-2-266-31127-8;Impact;Français;Olivier Norek;2020-05-28;"Virgil Solal, un ancien soldat, décide de s'attaquer aux plus grands pollueurs de la planète.
Sa croisade écologique le transforme en terroriste aux yeux du monde.
Un thriller qui pose la question de la légitimité de la violence face à l'urgence climatique.";Éco-thriller
978-2-266-29761-9;La Fille de Brooklyn;Français;Guillaume Musso;2016-03-24;"Raphaël, un écrivain, est sur le point d'épouser Anna.
Mais juste avant le mariage, elle lui avoue un terrible secret et disparaît.
Avec l'aide d'un ami policier, il se lance à sa recherche, découvrant que le passé d'Anna est bien plus sombre qu'il ne l'imaginait.";Thriller
978-2-266-28317-9;L'Instant présent;Français;Guillaume Musso;2015-05-07;"Lisa hérite d'un théâtre en ruine à Manhattan.
Elle y rencontre Arthur, un jeune médecin urgentiste.
Mais leur histoire d'amour est soumise à une étrange malédiction : Arthur ne peut vivre qu'un seul jour par an.";Roman fantastique
978-2-266-29111-2;7 ans après...;Français;Guillaume Musso;2012-03-01;"Un couple divorcé, Nikki et Sebastian, est forcé de faire équipe pour retrouver leur fils, disparu à New York.
Leur enquête les entraîne dans une course-poursuite à travers les États-Unis, réveillant leurs anciens sentiments et leurs vieilles rancœurs.";Thriller romantique
978-2-266-32113-0;La Dernière Nuit du Raïs;Français;Yasmina Khadra;2015-08-19;"Le roman imagine les dernières heures de Mouammar Kadhafi, terré dans un trou à Syrte, alors que les rebelles le traquent.
Un monologue fiévreux où le dictateur déchu se remémore sa vie, son pouvoir et sa chute.";Roman
978-2-7578-7519-2;Qu'Allah bénisse la France !;Français;Abd Al Malik;2004-10-01;"Récit autobiographique du rappeur et slameur Abd Al Malik.
Il raconte son parcours, de son enfance dans une cité de Strasbourg à sa conversion à l'islam soufi, en passant par la délinquance et le succès musical.
Un témoignage sur l'identité et la quête spirituelle.";Récit autobiographique
978-2-266-17389-0;L'Art du simple bonheur;Français;Le Dalaï-Lama;1999-04-13;"À travers des entretiens avec un psychiatre, le Dalaï-Lama partage sa vision du bonheur.
Il explique comment la compassion, l'altruisme et la discipline mentale peuvent nous aider à surmonter la souffrance et à trouver une paix intérieure durable.";Spiritualité
978-2-266-31128-5;Les gratitudes;Français;Delphine de Vigan;2019-03-06;"Michka, une vieille femme qui perd l'usage de la parole, est placée en EHPAD.
Marie, sa jeune voisine, et Jérôme, son orthophoniste, l'accompagnent dans cette dernière étape.
Un roman sur la vieillesse, la mémoire et l'importance de dire 'merci'.";Roman contemporain
978-2-266-28950-8;Le parfum du bonheur est plus fort sous la pluie;Français;Virginie Grimaldi;2017-05-03;"Quand son mari la quitte, Pauline s'effondre.
Pour le reconquérir, elle décide de lui écrire des lettres pour lui rappeler tous les bons moments passés ensemble.
Un roman sur la résilience, l'amour et l'espoir.";Feel-good
978-2-266-29762-6;À la lumière de nos jours;Français;Clarisse Sabard;2018-04-12;"Zélie, une jeune femme, hérite de la maison de sa grand-mère en Auvergne.
En triant ses affaires, elle découvre un secret de famille qui la pousse à enquêter sur le passé de ses aïeules pendant la Seconde Guerre mondiale.";Roman historique
978-2-7499-4082-3;Au-delà de cette limite votre ticket n'est plus valable;Français;Romain Gary;1975-01-01;"Jacques Rainier, un homme d'affaires vieillissant, est hanté par la peur de l'impuissance.
Il voit dans son déclin sexuel le symbole de la décadence du monde occidental.
Un roman sur l'angoisse de vieillir et la perte de virilité.";Roman
978-2-7578-1897-7;Gros-Câlin;Français;Romain Gary;1974-01-01;"M. Cousin, un statisticien solitaire, décide d'adopter un python pour combler sa solitude affective.
Il le nomme Gros-Câlin et le traite comme un membre de sa famille.
Une fable tendre et absurde sur la solitude et le besoin d'amour.";Roman
978-2-266-32112-3;Chien Blanc;Français;Romain Gary;1970-01-01;"Récit autobiographique où Romain Gary et sa femme, l'actrice Jean Seberg, recueillent un chien de police qui a été dressé pour attaquer les Noirs.
Ils tentent de le 'déconditionner'.
Une réflexion sur le racisme et la haine dans l'Amérique des années 60.";Récit
978-2-266-20075-6;Ravage;Français;René Barjavel;1943-01-01;"Dans un futur ultra-technologique, une panne d'électricité soudaine et mondiale plonge la civilisation dans le chaos.
Un groupe de survivants quitte Paris pour tenter de fonder une nouvelle société basée sur des valeurs agraires.
Un roman d'anticipation visionnaire.";Science-Fiction
978-2-266-17390-6;L'Enchanteur;Français;René Barjavel;1984-01-01;"Barjavel revisite la légende arthurienne en se concentrant sur la figure de Merlin l'Enchanteur.
Il raconte son amour pour Viviane, son rôle de conseiller auprès du roi Arthur et les intrigues de la cour de Camelot.
Un conte poétique et philosophique.";Fantasy
978-2-266-29112-9;La mort est mon métier;Français;Robert Merle;1952-01-01;"Le roman retrace la vie fictive de Rudolf Lang (inspiré de Rudolf Höss, le commandant d'Auschwitz).
On suit son parcours, de son enfance à son adhésion au parti nazi, jusqu'à ce qu'il devienne un organisateur zélé de l'extermination.
Une plongée glaçante dans la banalité du mal.";Roman historique
978-2-266-28108-3;Malevil;Français;Robert Merle;1972-01-01;"Suite à une explosion nucléaire, un groupe de survivants se réfugie dans un château médiéval, Malevil.
Ils doivent réapprendre à vivre et à s'organiser dans un monde revenu à l'âge de pierre, tout en se protégeant des autres survivants.";Science-Fiction
978-2-266-27714-7;Les Fourmis;Français;Bernard Werber;1991-03-23;"Un homme hérite d'un appartement et d'une cave mystérieuse.
Il y disparaît.
Sa famille découvre qu'il communiquait avec une civilisation de fourmis intelligentes.
Le roman alterne entre le monde des humains et la vie de la colonie de fourmis.";Science-Fiction
978-2-266-28316-2;Le jour des fourmis;Français;Bernard Werber;1992-09-29;"Suite des 'Fourmis'.
La communication entre les humains et la cité-fourmi de Bel-o-kan est établie.
Mais les deux civilisations, si différentes, peuvent-elles coexister pacifiquement ? La peur et l'incompréhension menacent de déclencher une guerre totale.";Science-Fiction
978-2-266-29113-6;La Révolution des fourmis;Français;Bernard Werber;1995-10-04;"Troisième volet de la trilogie.
Une jeune fourmi, 103 683e, prône la non-violence et la coopération avec les 'doigts' (les humains).
Pendant ce temps, chez les humains, une adolescente tente de convaincre le monde de l'intelligence des fourmis.";Science-Fiction
978-2-266-29763-3;L'Empire des anges;Français;Bernard Werber;2000-10-04;"Michael Pinson, décédé, devient un ange gardien.
Il est chargé de veiller sur trois âmes humaines : un écrivain, une mannequin et un médecin.
Il doit les guider dans leur vie terrestre, tout en explorant le monde des anges et ses mystères.";Roman fantastique
978-2-266-31129-2;Les Thanatonautes;Français;Bernard Werber;1994-04-12;"Deux chercheurs, Michael Pinson et Raoul Razorbak, décident d'explorer scientifiquement l'au-delà en provoquant des comas artificiels.
Ils deviennent des 'thanatonautes', des navigateurs de la mort, et cartographient le continent des morts.";Roman fantastique
978-2-266-31843-7;La Boîte de Pandore;Français;Bernard Werber;2018-09-26;"René, un professeur d'histoire, découvre qu'il peut revivre ses vies antérieures grâce à l'hypnose.
Il explore le passé de l'humanité à travers ses différentes incarnations, de l'Atlantide à l'Égypte ancienne, pour comprendre le présent.";Roman fantastique
978-2-266-32111-6;La Planète des singes;Français;Pierre Boulle;1963-01-01;"Trois astronautes atterrissent sur une planète où les singes sont l'espèce dominante et intelligente, tandis que les humains sont des animaux sauvages.
Un roman d'aventure qui est aussi une satire sociale et une réflexion sur la nature de l'intelligence.";Science-Fiction
978-2-266-28109-0;L'Assassin royal, Tome 1 : L'Apprenti assassin;Français;Robin Hobb;1998-11-12;"Fitz, le bâtard du prince, est élevé au château de Castelcerf.
Il est formé pour devenir l'assassin personnel du roi.
Il doit apprendre à maîtriser ses deux magies, l'Art et le Vif, tout en naviguant dans les intrigues de la cour.";Fantasy
978-2-266-28841-9;Le Cycle de Fondation, Tome 1 : Fondation;Français;Isaac Asimov;1951-01-01;"Hari Seldon, un mathématicien, a développé la 'psychohistoire', une science qui permet de prédire l'avenir.
Il prévoit la chute de l'Empire Galactique et crée la Fondation, une colonie de savants chargée de préserver le savoir humain pour reconstruire la civilisation.";Science-Fiction
978-2-266-29764-0;Les Robots, Tome 1 : Les Cavernes d'acier;Français;Isaac Asimov;1954-01-01;"Dans un futur où les humains vivent dans des cités souterraines, l'inspecteur de police Elijah Baley doit faire équipe avec un robot humanoïde, R. Daneel Olivaw, pour enquêter sur le meurtre d'un Spacien.
Un polar de science-fiction qui explore les tensions entre humains et robots.";Science-Fiction
978-2-266-31130-8;Le Guide du voyageur galactique;Français;Douglas Adams;1982-03-29;"Arthur Dent, un Anglais moyen, est sauvé de la destruction de la Terre par son ami Ford Prefect, un extraterrestre.
Commence alors un voyage absurde et hilarant à travers la galaxie, à la recherche de la Grande Question sur la Vie, l'Univers et le Reste.";Science-Fiction humoristique
978-2-266-28315-5;Ubik;Français;Philip K. Dick;1969-01-01;"Joe Chip, un technicien, se retrouve avec son équipe dans une réalité qui se dégrade et régresse dans le temps, après une mission qui a mal tourné.
Leur seul espoir est un produit mystérieux, Ubik, qui semble stabiliser la réalité.
Un roman sur la perception et la nature de la réalité.";Science-Fiction
978-2-266-28840-2;Blade Runner (Les androïdes rêvent-ils de moutons électriques ?);Français;Philip K. Dick;1968-01-01;"Dans un San Francisco post-apocalyptique, Rick Deckard est un chasseur de primes chargé de 'retirer' des androïdes rebelles, presque indiscernables des humains.
Sa mission le pousse à s'interroger sur la nature de l'empathie et ce qui définit l'humanité.";Science-Fiction
978-2-266-29114-3;Des milliards de tapis de cheveux;Français;Andreas Eschbach;1999-09-02;"Dans un empire galactique, depuis des millénaires, des hommes consacrent leur vie à tisser des tapis faits avec les cheveux de leurs femmes, pour l'Empereur qu'ils n'ont jamais vu.
Un jour, un rebelle vient annoncer que l'Empereur est mort depuis longtemps.";Science-Fiction
978-2-266-29765-7;L'homme-dé;Français;Luke Rhinehart;1973-01-01;"Un psychiatre décide de confier toutes ses décisions à un dé.
Cette abdication de sa volonté le mène à des expériences de plus en plus extrêmes et dangereuses.
Un roman culte sur le hasard, la liberté et la folie.";Roman
978-2-266-31131-5;American psycho;Français;Bret Easton Ellis;1992-04-01;"Patrick Bateman, un golden boy de Wall Street dans les années 80, est un psychopathe qui assassine, torture et viole pour tromper son ennui.
Une satire ultra-violente et glaçante de la société de consommation et du vide existentiel.";Satire sociale
978-2-266-17391-3;Trainspotting;Français;Irvine Welsh;1996-02-01;"La vie d'un groupe de jeunes toxicomanes à Édimbourg, dans les années 80.
Le roman dépeint avec un humour noir et une langue crue leur quotidien fait de débrouille, de shoots d'héroïne, de violence et d'amitié.
Un portrait brutal d'une génération perdue.";Roman
978-2-266-28314-8;Fight Club;Français;Chuck Palahniuk;1999-08-25;"Le narrateur, un employé de bureau insomniaque et blasé, rencontre Tyler Durden, un personnage charismatique et anarchiste.
Ensemble, ils créent le 'Fight Club', un exutoire violent pour les hommes frustrés par la société de consommation, qui se transforme en un mouvement terroriste.";Roman
978-2-266-28839-6;Le Bûcher des vanités;Français;Tom Wolfe;1988-09-14;"Sherman McCoy, un trader de Wall Street, voit sa vie basculer après un accident de voiture dans le Bronx.
L'affaire est exploitée par les politiciens, les médias et les leaders communautaires.
Une satire féroce de la société new-yorkaise des années 80, de ses excès et de ses tensions raciales.";Satire sociale
978-2-266-29115-0;Moins que zéro;Français;Bret Easton Ellis;1986-04-02;"Clay, un jeune étudiant, revient à Los Angeles pour les vacances de Noël.
Il retrouve ses amis, de jeunes riches désœuvrés, et plonge dans un monde de fêtes, de drogues et de sexe, marqué par un nihilisme et un vide émotionnel profonds.";Roman
978-2-266-29766-4;Las Vegas parano;Français;Hunter S. Thompson;1973-01-01;"Le journaliste Raoul Duke et son avocat, le Dr Gonzo, se rendent à Las Vegas pour couvrir une course de moto, avec une valise pleine de drogues.
Leur voyage se transforme en une quête hallucinatoire et déjantée du Rêve Américain.
Un classique du journalisme gonzo.";Roman
978-2-266-31132-2;Chroniques de San Francisco, Tome 1;Français;Armistead Maupin;1994-04-06;"Mary Ann Singleton, une jeune femme fraîchement débarquée de sa province, s'installe au 28 Barbary Lane, une pension de famille tenue par l'excentrique Anna Madrigal.
Elle y découvre la vie libre et bohème de San Francisco dans les années 70.";Roman social
978-2-266-17392-0;Le Monde selon Garp;Français;John Irving;1980-03-01;"La vie de T.S. Garp, le fils d'une infirmière féministe devenue une icône.
Le roman suit ses péripéties en tant qu'écrivain, mari et père, dans un monde plein de personnages excentriques et d'événements tragiques et comiques.";Roman
978-2-266-28313-1;La Couleur pourpre;Français;Alice Walker;1984-03-01;"Dans le Sud ségrégationniste du début du XXe siècle, Celie, une jeune femme noire, subit l'inceste et la violence de son mari.
À travers des lettres, elle raconte son long chemin vers l'émancipation, aidée par la sororité et l'amour d'autres femmes.";Roman épistolaire
978-2-266-28838-9;Gatsby le Magnifique;Français;F. Scott Fitzgerald;1926-01-01;"Dans les années 20, le jeune Nick Carraway s'installe près de la somptueuse demeure de Jay Gatsby, un millionnaire mystérieux qui organise des fêtes extravagantes.
Il découvre que la richesse de Gatsby n'a qu'un but : reconquérir Daisy, son amour de jeunesse.";Roman
978-2-266-29116-7;Les Raisins de la colère;Français;John Steinbeck;1947-01-01;"Pendant la Grande Dépression, la famille Joad est chassée de sa ferme en Oklahoma.
Comme des milliers d'autres, ils prennent la route vers la Californie, la terre promise.
Un roman social puissant sur la misère, l'injustice et la dignité humaine.";Roman social
978-2-266-29767-1;Ne tirez pas sur l'oiseau moqueur;Français;Harper Lee;1961-01-01;"Dans une petite ville d'Alabama dans les années 30, Atticus Finch, un avocat, défend un homme noir accusé à tort d'avoir violé une femme blanche.
L'histoire est racontée à travers les yeux de sa fille, Scout, qui découvre le racisme et l'injustice de la société adulte.";Roman d'apprentissage
978-2-266-31133-9;Sur la route de Madison;Français;Robert James Waller;1992-10-01;"Francesca Johnson, une femme au foyer, vit une liaison passionnée de quatre jours avec Robert Kincaid, un photographe de passage.
Un amour bref mais absolu qui marquera leur vie à jamais.";Roman d'amour
978-2-266-17393-7;Le Patient anglais;Français;Michael Ondaatje;1993-08-25;"À la fin de la Seconde Guerre mondiale, dans une villa italienne, une jeune infirmière veille sur un grand brûlé amnésique, le 'patient anglais'.
À travers ses souvenirs fragmentés, l'histoire de son amour tragique dans le désert avant la guerre se dévoile.";Roman
978-2-266-28312-4;Le vieil homme et la mer;Français;Ernest Hemingway;1952-11-01;"Santiago, un vieux pêcheur cubain, part seul en mer et ferre un espadon gigantesque.
S'ensuit une lutte épique de trois jours entre l'homme et le poisson, un combat pour la survie et la dignité.";Nouvelle
978-2-266-28837-2;L'Alchimiste;Français;Paulo Coelho;1994-10-05;"Santiago, un jeune berger anadalou, part à la recherche d'un trésor en Égypte.
Son voyage se transforme en une quête initiatique pour accomplir sa 'Légende Personnelle' et découvrir les secrets de l'univers.";Conte philosophique
978-2-266-29117-4;Jonathan Livingston le goéland;Français;Richard Bach;1973-01-01;"Jonathan est un goéland qui ne se contente pas de voler pour se nourrir.
Il veut apprendre à voler pour la beauté du vol, pour atteindre la perfection.
Rejeté par son clan, il poursuit sa quête spirituelle.";Conte philosophique
978-2-266-29768-8;Le Moine qui vendit sa Ferrari;Français;Robin S. Sharma;1999-04-14;"Julian Mantle, un avocat riche et célèbre, décide de tout plaquer après une crise cardiaque.
Il part dans l'Himalaya et apprend auprès de moines les secrets d'une vie plus heureuse, plus saine et plus épanouie.
Un guide de développement personnel sous forme de fable.";Développement personnel
978-2-266-31134-6;Les quatre accords toltèques;Français;Miguel Ruiz;1999-10-27;"Un guide spirituel basé sur la sagesse des anciens Toltèques.
Il propose quatre 'accords' à passer avec soi-même pour se libérer des croyances limitantes et atteindre la liberté personnelle : que votre parole soit impeccable, n'en faites pas une affaire personnelle, ne faites pas de suppositions, faites toujours de votre mieux.";Développement personnel
978-2-266-17394-4;Le Pouvoir du moment présent;Français;Eckhart Tolle;2000-09-13;"Un guide spirituel pour apprendre à vivre pleinement dans le présent.
L'auteur explique comment notre mental et notre ego nous emprisonnent dans le passé et l'avenir, et propose des techniques pour se reconnecter à l'instant présent et trouver la paix intérieure.";Spiritualité
978-2-266-28311-7;Le Secret;Français;Rhonda Byrne;2007-09-20;"Ce livre expose la 'loi de l'attraction', un principe selon lequel nos pensées créent notre réalité.
En se concentrant sur ce que l'on désire, on peut attirer à soi la richesse, la santé et le bonheur.
Un best-seller du mouvement de la 'pensée positive'.";Développement personnel
978-2-266-28836-5;Mange, prie, aime;Français;Elizabeth Gilbert;2008-01-09;"Récit autobiographique d'une femme qui, après un divorce difficile, décide de tout quitter pour un voyage d'un an.
Elle part en Italie pour redécouvrir le plaisir de manger ('Mange'), en Inde pour trouver la spiritualité ('Prie'), et en Indonésie pour trouver l'amour ('Aime').";Récit de voyage
978-2-266-29118-1;Wild;Français;Cheryl Strayed;2013-03-06;"Après la mort de sa mère et l'échec de son mariage, Cheryl Strayed décide de parcourir seule plus de 1700 km sur le Pacific Crest Trail, un sentier de grande randonnée.
Un voyage initiatique de reconstruction physique et émotionnelle.";Récit autobiographique
978-2-266-29769-5;Into the Wild;Français;Jon Krakauer;1997-03-01;"L'enquête du journaliste Jon Krakauer sur l'histoire vraie de Christopher McCandless, un jeune homme qui, en 1992, a tout abandonné pour vivre en pleine nature en Alaska.
Un récit sur la quête d'absolu, la nature sauvage et la société de consommation.";Journalisme narratif
978-2-266-31135-3;Sapiens : Une brève histoire de l'humanité;Français;Yuval Noah Harari;2015-09-02;"Un essai qui retrace l'histoire de l'Homo sapiens, de son apparition à nos jours.
L'auteur analyse les grandes révolutions (cognitive, agricole, scientifique) qui ont façonné notre espèce et s'interroge sur notre avenir.";Essai
978-2-266-17395-1;L'Art subtil de s'en foutre;Français;Mark Manson;2017-06-07;"Un guide de développement personnel à contre-courant qui affirme que la clé du bonheur n'est pas de chercher à être toujours positif, mais d'apprendre à mieux choisir ses 'batailles' et à accepter les aspects négatifs de la vie.
Une approche plus réaliste et honnête.";Développement personnel
978-2-266-28310-0;La Magie du rangement;Français;Marie Kondō;2015-05-20;"La méthode 'KonMari' pour désencombrer et organiser sa maison.
Le principe : ne garder que les objets qui nous procurent de la joie.
Un guide pratique pour transformer son intérieur et, par extension, sa vie.";Développement personnel
978-2-266-28835-8;Miracle Morning;Français;Hal Elrod;2016-01-20;"L'auteur propose une routine matinale basée sur six pratiques (silence, affirmations, visualisation, exercice, lecture, écriture) pour améliorer sa productivité, son bien-être et atteindre ses objectifs.
Un guide pour transformer sa vie avant 8 heures du matin.";Développement personnel
978-2-266-29119-8;Comment se faire des amis;Français;Dale Carnegie;1936-01-01;"Un classique du développement personnel qui donne des conseils pratiques pour améliorer ses relations humaines, que ce soit dans la vie professionnelle ou personnelle.
Des principes pour mieux communiquer, influencer et être apprécié des autres.";Développement personnel
978-2-266-29770-1;Père riche, père pauvre;Français;Robert T. Kiyosaki;2001-04-24;"L'auteur compare l'éducation financière qu'il a reçue de son père biologique ('père pauvre') et du père de son meilleur ami ('père riche').
Un livre sur l'intelligence financière, l'investissement et la manière de faire travailler l'argent pour soi.";Éducation financière
978-2-266-31136-0;La Semaine de 4 heures;Français;Timothy Ferriss;2008-04-10;"Un guide pour échapper à la routine 'métro-boulot-dodo'.
L'auteur propose des techniques pour automatiser ses revenus, travailler moins et profiter davantage de la vie.
Un manifeste pour les 'nouveaux bienheureux'.";Développement personnel
978-2-266-17396-8;Cessez d'être gentil, soyez vrai !;Français;Thomas d'Ansembourg;2001-09-01;"Basé sur la Communication Non Violente, ce livre nous invite à arrêter d'être 'gentils' par peur du conflit ou du rejet, et à apprendre à exprimer nos besoins et nos sentiments de manière authentique et respectueuse.";Psychologie
978-2-266-28309-4;Les hommes viennent de Mars, les femmes viennent de Vénus;Français;John Gray;1992-05-01;"Un guide sur les différences psychologiques entre les hommes et les femmes pour améliorer la communication dans le couple.
L'auteur utilise la métaphore de planètes différentes pour expliquer les malentendus et proposer des solutions.";Psychologie
978-2-266-28834-1;L'homme qui voulait être heureux;Français;Laurent Gounelle;2008-10-01;"En vacances à Bali, un homme consulte un vieux guérisseur.
Le diagnostic : il n'est pas heureux.
Le sage lui donne une série de tâches à accomplir pour se libérer de ses croyances limitantes.
Un roman initiatique sur le bonheur.";Développement personnel
978-2-266-29120-4;Le jour où j'ai arrêté de me trouver grosse;Français;Anthony Robbins;2017-01-18;"Un guide pour reprogrammer son cerveau et son corps afin d'atteindre ses objectifs de santé et de bien-être.
L'auteur propose des stratégies pour maîtriser ses émotions, changer ses habitudes et libérer son potentiel.";Développement personnel
978-2-266-29771-8;L'Effet cumulé;Français;Darren Hardy;2012-10-10;"L'auteur explique que le succès ne vient pas de grands bouleversements, mais de petites décisions quotidiennes, répétées sur le long terme.
C'est l''effet cumulé' de ces petites actions qui mène à des résultats extraordinaires.";Développement personnel
978-2-266-31137-7;Avalez le crapaud !;Français;Brian Tracy;2002-09-01;"Un guide sur la gestion du temps et la procrastination.
Le 'crapaud' est la tâche la plus importante et la plus difficile de la journée.
En la réalisant en premier, on gagne en efficacité et en satisfaction.
21 conseils pour être plus productif.";Développement personnel
978-2-266-17397-5;Pouvoir illimité;Français;Anthony Robbins;1987-01-01;"Un des premiers livres de Tony Robbins, qui présente les bases de la Programmation Neuro-Linguistique (PNL).
Des techniques pour modéliser le succès, changer ses croyances et prendre le contrôle de sa vie mentale et émotionnelle.";Développement personnel
978-2-266-28308-7;Réfléchissez et devenez riche;Français;Napoleon Hill;1937-01-01;"Après avoir étudié la vie de centaines de millionnaires, Napoleon Hill a défini 13 principes pour atteindre la richesse et le succès.
Un classique de la littérature sur la réussite, basé sur la puissance de la pensée et la définition d'objectifs.";Développement personnel
978-2-266-28833-4;La Vache pourpre;Français;Seth Godin;2004-03-01;"Pour se démarquer dans un marché saturé, un produit doit être 'remarquable', comme une vache pourpre dans un champ de vaches normales.
Un livre sur l'importance de l'innovation et de l'audace en marketing.";Marketing
